{"max": [0.179805, 0.934227, 1.11743], "centroid": [-1.184092522279973, 0.6638764034038636, 0.7206366291781663], "id": "4bdfbfa1871f2ca114038d588fd1342f", "numVertices": 6522, "min": [-2.42743, 0.0, 0.0]}
