,files,reg_to_gen_chamfer,gen_to_reg_chamfer,scan_to_gen_chamfer,gen_to_scan_chamfer
0,./demo/shapenet/04256520/4bdfbfa1871f2ca114038d588fd1342f/models/model_normalized.obj,7.18057403883961e-05,0.00014359619669548627,7.231623921270023e-05,0.00014233263794687152
